-- phpMyAdmin SQL Dump
-- version 5.0.2
-- https://www.phpmyadmin.net/
--
-- Gép: 127.0.0.1
-- Létrehozás ideje: 2021. Ápr 26. 17:50
-- Kiszolgáló verziója: 10.4.14-MariaDB
-- PHP verzió: 7.4.10

SET SQL_MODE = "NO_AUTO_VALUE_ON_ZERO";
START TRANSACTION;
SET time_zone = "+00:00";


/*!40101 SET @OLD_CHARACTER_SET_CLIENT=@@CHARACTER_SET_CLIENT */;
/*!40101 SET @OLD_CHARACTER_SET_RESULTS=@@CHARACTER_SET_RESULTS */;
/*!40101 SET @OLD_COLLATION_CONNECTION=@@COLLATION_CONNECTION */;
/*!40101 SET NAMES utf8mb4 */;

--
-- Adatbázis: `jelenlet`
--

-- --------------------------------------------------------

--
-- Tábla szerkezet ehhez a táblához `jelenlet`
--

CREATE TABLE `jelenlet` (
  `sz_azon` int(11) NOT NULL,
  `datum` date NOT NULL,
  `perc` int(11) NOT NULL,
  `kateg_kod` varchar(3) COLLATE utf8_hungarian_ci NOT NULL
) ENGINE=InnoDB DEFAULT CHARSET=utf8 COLLATE=utf8_hungarian_ci;

--
-- A tábla adatainak kiíratása `jelenlet`
--

INSERT INTO `jelenlet` (`sz_azon`, `datum`, `perc`, `kateg_kod`) VALUES
(1, '2021-01-01', 600, 'N'),
(1, '2021-01-02', 1, 'N'),
(1, '2021-01-03', 480, 'N'),
(1, '2021-01-04', 120, 'Á'),
(1, '2021-01-05', 420, 'N'),
(1, '2021-01-06', 480, 'SZ'),
(1, '2021-01-07', 481, 'N'),
(1, '2021-01-08', 480, 'SZ'),
(1, '2021-01-09', 480, 'N'),
(1, '2021-01-10', 480, 'N'),
(1, '2021-01-11', 480, 'N'),
(1, '2021-01-12', 480, 'N'),
(1, '2021-01-13', 480, 'N'),
(1, '2021-01-14', 480, 'N'),
(1, '2021-01-15', 480, 'N'),
(1, '2021-01-16', 480, 'N'),
(1, '2021-01-17', 480, 'N'),
(1, '2021-01-18', 480, 'N'),
(1, '2021-01-19', 480, 'N'),
(1, '2021-01-20', 480, 'N'),
(1, '2021-01-21', 480, 'N'),
(1, '2021-01-22', 480, 'N'),
(1, '2021-01-23', 480, 'N'),
(1, '2021-01-24', 480, 'N'),
(1, '2021-01-25', 480, 'N'),
(1, '2021-01-26', 480, 'N'),
(1, '2021-01-27', 480, 'N'),
(1, '2021-01-28', 480, 'N'),
(1, '2021-01-29', 480, 'N'),
(1, '2021-01-30', 480, 'N'),
(1, '2021-01-31', 480, 'N'),
(1, '2021-02-01', 480, 'N'),
(1, '2021-02-02', 600, 'N'),
(1, '2021-02-03', 480, 'SZ'),
(1, '2021-02-04', 480, 'SZ'),
(1, '2021-02-05', 480, 'SZ'),
(1, '2021-02-06', 600, 'N'),
(1, '2021-02-07', 600, 'N'),
(1, '2021-02-08', 480, 'N'),
(1, '2021-02-09', 600, 'N'),
(1, '2021-02-10', 480, 'N'),
(1, '2021-02-11', 720, 'N'),
(1, '2021-02-12', 480, 'N'),
(1, '2021-02-13', 660, 'N'),
(1, '2021-02-14', 480, 'N'),
(1, '2021-02-15', 480, 'N'),
(1, '2021-02-16', 720, 'N'),
(1, '2021-02-17', 480, 'N'),
(1, '2021-02-18', 480, 'N'),
(1, '2021-02-19', 480, 'N'),
(1, '2021-02-20', 480, 'N'),
(1, '2021-02-21', 480, 'N'),
(1, '2021-02-22', 480, 'N'),
(1, '2021-02-23', 480, 'N'),
(1, '2021-02-24', 480, 'N'),
(1, '2021-02-25', 480, 'N'),
(1, '2021-02-26', 480, 'N'),
(1, '2021-02-27', 480, 'N'),
(1, '2021-02-28', 480, 'N'),
(1, '2021-03-01', 480, 'N'),
(1, '2021-03-02', 510, 'N'),
(1, '2021-03-03', 480, 'N'),
(1, '2021-03-04', 480, 'N'),
(1, '2021-03-05', 480, 'N'),
(1, '2021-03-06', 0, 'Ü'),
(1, '2021-03-07', 0, 'Ü'),
(1, '2021-03-08', 480, 'N'),
(1, '2021-03-09', 480, 'N'),
(1, '2021-03-10', 480, 'SZ'),
(1, '2021-03-11', 480, 'SZ'),
(1, '2021-03-12', 480, 'SZ'),
(1, '2021-03-13', 0, 'Ü'),
(1, '2021-03-14', 0, 'Ü'),
(1, '2021-03-15', 0, 'Ü'),
(1, '2021-03-16', 480, 'N'),
(1, '2021-03-17', 480, 'N'),
(1, '2021-03-18', 480, 'N'),
(1, '2021-03-19', 480, 'N'),
(1, '2021-03-20', 0, 'Ü'),
(1, '2021-03-21', 0, 'Ü'),
(1, '2021-03-22', 480, 'N'),
(1, '2021-03-23', 480, 'N'),
(1, '2021-03-24', 480, 'N'),
(1, '2021-03-25', 480, 'N'),
(1, '2021-03-26', 480, 'N'),
(1, '2021-03-27', 0, 'Ü'),
(1, '2021-03-28', 0, 'Ü'),
(1, '2021-03-29', 480, 'N'),
(1, '2021-03-30', 480, 'N'),
(1, '2021-03-31', 480, 'N'),
(1, '2021-06-01', 480, 'N'),
(1, '2021-06-02', 480, 'N'),
(1, '2021-06-03', 480, 'N'),
(1, '2021-06-04', 480, 'N'),
(1, '2021-06-05', 0, 'Ü'),
(1, '2021-06-06', 0, 'Ü'),
(1, '2021-06-07', 480, 'N'),
(1, '2021-06-08', 480, 'N'),
(1, '2021-06-09', 480, 'N'),
(1, '2021-06-10', 480, 'N'),
(1, '2021-06-11', 480, 'N'),
(1, '2021-06-12', 0, 'Ü'),
(1, '2021-06-13', 0, 'Ü'),
(1, '2021-06-14', 480, 'N'),
(1, '2021-06-15', 480, 'N'),
(1, '2021-06-16', 480, 'N'),
(1, '2021-06-17', 480, 'N'),
(1, '2021-06-18', 480, 'N'),
(1, '2021-06-19', 0, 'Ü'),
(1, '2021-06-20', 0, 'Ü'),
(1, '2021-06-21', 480, 'N'),
(1, '2021-06-22', 480, 'N'),
(1, '2021-06-23', 480, 'N'),
(1, '2021-06-24', 480, 'N'),
(1, '2021-06-25', 480, 'N'),
(1, '2021-06-26', 0, 'Ü'),
(1, '2021-06-27', 0, 'Ü'),
(1, '2021-06-28', 480, 'N'),
(1, '2021-06-29', 480, 'N'),
(1, '2021-06-30', 480, 'N'),
(1, '2021-07-01', 480, 'N'),
(1, '2021-07-02', 750, 'N'),
(1, '2021-07-03', 0, 'Ü'),
(1, '2021-07-04', 480, 'N'),
(1, '2021-07-05', 525, 'N'),
(1, '2021-07-06', 480, 'N'),
(1, '2021-07-07', 480, 'N'),
(1, '2021-07-08', 480, 'N'),
(1, '2021-07-09', 480, 'N'),
(1, '2021-07-10', 0, 'Ü'),
(1, '2021-07-11', 0, 'Ü'),
(1, '2021-07-12', 480, 'N'),
(1, '2021-07-13', 480, 'N'),
(1, '2021-07-14', 480, 'N'),
(1, '2021-07-15', 480, 'N'),
(1, '2021-07-16', 480, 'N'),
(1, '2021-07-17', 0, 'Ü'),
(1, '2021-07-18', 0, 'Ü'),
(1, '2021-07-19', 480, 'N'),
(1, '2021-07-20', 480, 'N'),
(1, '2021-07-21', 480, 'N'),
(1, '2021-07-22', 480, 'N'),
(1, '2021-07-23', 480, 'N'),
(1, '2021-07-24', 0, 'Ü'),
(1, '2021-07-25', 0, 'Ü'),
(1, '2021-07-26', 480, 'N'),
(1, '2021-07-27', 480, 'N'),
(1, '2021-07-28', 480, 'N'),
(1, '2021-07-29', 480, 'N'),
(1, '2021-07-30', 480, 'N'),
(1, '2021-07-31', 0, 'Ü'),
(2, '2021-01-01', 480, 'N'),
(2, '2021-01-02', 480, 'N'),
(2, '2021-01-03', 480, 'N'),
(2, '2021-01-04', 480, 'N'),
(2, '2021-01-05', 480, 'N'),
(2, '2021-01-06', 480, 'N'),
(2, '2021-01-07', 480, 'N'),
(2, '2021-01-08', 480, 'N'),
(2, '2021-01-09', 480, 'N'),
(2, '2021-01-10', 480, 'N'),
(2, '2021-01-11', 480, 'N'),
(2, '2021-01-12', 480, 'N'),
(2, '2021-01-13', 480, 'N'),
(2, '2021-01-14', 480, 'N'),
(2, '2021-01-15', 480, 'N'),
(2, '2021-01-16', 480, 'N'),
(2, '2021-01-17', 480, 'N'),
(2, '2021-01-18', 480, 'N'),
(2, '2021-01-19', 480, 'N'),
(2, '2021-01-20', 480, 'N'),
(2, '2021-01-21', 480, 'N'),
(2, '2021-01-22', 480, 'N'),
(2, '2021-01-23', 480, 'N'),
(2, '2021-01-24', 480, 'N'),
(2, '2021-01-25', 480, 'N'),
(2, '2021-01-26', 480, 'N'),
(2, '2021-01-27', 480, 'N'),
(2, '2021-01-28', 480, 'N'),
(2, '2021-01-29', 480, 'N'),
(2, '2021-01-30', 480, 'N'),
(2, '2021-01-31', 480, 'N'),
(2, '2021-02-01', 480, 'N'),
(2, '2021-02-02', 480, 'N'),
(2, '2021-02-03', 480, 'N'),
(2, '2021-02-04', 480, 'N'),
(2, '2021-02-05', 480, 'N'),
(2, '2021-02-06', 480, 'N'),
(2, '2021-02-07', 480, 'N'),
(2, '2021-02-08', 480, 'N'),
(2, '2021-02-09', 480, 'N'),
(2, '2021-02-10', 480, 'N'),
(2, '2021-02-11', 480, 'N'),
(2, '2021-02-12', 480, 'N'),
(2, '2021-02-13', 480, 'N'),
(2, '2021-02-14', 480, 'N'),
(2, '2021-02-15', 480, 'N'),
(2, '2021-02-16', 480, 'N'),
(2, '2021-02-17', 480, 'N'),
(2, '2021-02-18', 480, 'N'),
(2, '2021-02-19', 480, 'N'),
(2, '2021-02-20', 480, 'N'),
(2, '2021-02-21', 480, 'N'),
(2, '2021-02-22', 480, 'N'),
(2, '2021-02-23', 480, 'N'),
(2, '2021-02-24', 480, 'N'),
(2, '2021-02-25', 480, 'N'),
(2, '2021-02-26', 480, 'N'),
(2, '2021-02-27', 480, 'N'),
(2, '2021-02-28', 480, 'N'),
(2, '2021-03-01', 480, 'N'),
(2, '2021-03-02', 480, 'N'),
(2, '2021-03-03', 480, 'N'),
(2, '2021-03-04', 480, 'B'),
(2, '2021-03-05', 480, 'N'),
(2, '2021-03-06', 0, 'Ü'),
(2, '2021-03-07', 0, 'Ü'),
(2, '2021-03-08', 480, 'N'),
(2, '2021-03-09', 480, 'B'),
(2, '2021-03-10', 480, 'N'),
(2, '2021-03-11', 480, 'N'),
(2, '2021-03-12', 480, 'N'),
(2, '2021-03-13', 0, 'Ü'),
(2, '2021-03-14', 0, 'Ü'),
(2, '2021-03-15', 0, 'Ü'),
(2, '2021-03-16', 480, 'N'),
(2, '2021-03-17', 480, 'N'),
(2, '2021-03-18', 480, 'N'),
(2, '2021-03-19', 480, 'N'),
(2, '2021-03-20', 0, 'Ü'),
(2, '2021-03-21', 0, 'Ü'),
(2, '2021-03-22', 480, 'N'),
(2, '2021-03-23', 480, 'N'),
(2, '2021-03-24', 480, 'N'),
(2, '2021-03-25', 480, 'N'),
(2, '2021-03-26', 480, 'N'),
(2, '2021-03-27', 0, 'Ü'),
(2, '2021-03-28', 0, 'Ü'),
(2, '2021-03-29', 480, 'N'),
(2, '2021-03-30', 480, 'N'),
(2, '2021-03-31', 480, 'N'),
(2, '2021-06-01', 480, 'N'),
(2, '2021-06-02', 480, 'N'),
(2, '2021-06-03', 480, 'N'),
(2, '2021-06-04', 480, 'N'),
(2, '2021-06-05', 0, 'Ü'),
(2, '2021-06-06', 0, 'Ü'),
(2, '2021-06-07', 480, 'N'),
(2, '2021-06-08', 480, 'N'),
(2, '2021-06-09', 480, 'N'),
(2, '2021-06-10', 480, 'N'),
(2, '2021-06-11', 480, 'N'),
(2, '2021-06-12', 0, 'Ü'),
(2, '2021-06-13', 0, 'Ü'),
(2, '2021-06-14', 480, 'N'),
(2, '2021-06-15', 480, 'N'),
(2, '2021-06-16', 480, 'N'),
(2, '2021-06-17', 480, 'N'),
(2, '2021-06-18', 480, 'N'),
(2, '2021-06-19', 0, 'Ü'),
(2, '2021-06-20', 0, 'Ü'),
(2, '2021-06-21', 480, 'N'),
(2, '2021-06-22', 480, 'N'),
(2, '2021-06-23', 480, 'N'),
(2, '2021-06-24', 480, 'N'),
(2, '2021-06-25', 480, 'N'),
(2, '2021-06-26', 0, 'Ü'),
(2, '2021-06-27', 0, 'Ü'),
(2, '2021-06-28', 480, 'N'),
(2, '2021-06-29', 480, 'N'),
(2, '2021-06-30', 480, 'N'),
(2, '2021-07-01', 480, 'N'),
(2, '2021-07-02', 480, 'N'),
(2, '2021-07-03', 0, 'Ü'),
(2, '2021-07-04', 480, 'N'),
(2, '2021-07-05', 480, 'N'),
(2, '2021-07-06', 480, 'N'),
(2, '2021-07-07', 480, 'N'),
(2, '2021-07-08', 480, 'N'),
(2, '2021-07-09', 480, 'N'),
(2, '2021-07-10', 0, 'Ü'),
(2, '2021-07-11', 0, 'Ü'),
(2, '2021-07-12', 480, 'N'),
(2, '2021-07-13', 480, 'N'),
(2, '2021-07-14', 480, 'N'),
(2, '2021-07-15', 480, 'N'),
(2, '2021-07-16', 480, 'N'),
(2, '2021-07-17', 0, 'Ü'),
(2, '2021-07-18', 0, 'Ü'),
(2, '2021-07-19', 480, 'N'),
(2, '2021-07-20', 480, 'N'),
(2, '2021-07-21', 480, 'N'),
(2, '2021-07-22', 480, 'N'),
(2, '2021-07-23', 480, 'N'),
(2, '2021-07-24', 0, 'Ü'),
(2, '2021-07-25', 0, 'Ü'),
(2, '2021-07-26', 480, 'N'),
(2, '2021-07-27', 480, 'N'),
(2, '2021-07-28', 480, 'N'),
(2, '2021-07-29', 480, 'N'),
(2, '2021-07-30', 480, 'N'),
(2, '2021-07-31', 0, 'Ü'),
(3, '2021-01-01', 480, 'N'),
(3, '2021-01-02', 480, 'N'),
(3, '2021-01-03', 480, 'N'),
(3, '2021-01-04', 480, 'N'),
(3, '2021-01-05', 480, 'N'),
(3, '2021-01-06', 480, 'N'),
(3, '2021-01-07', 480, 'N'),
(3, '2021-01-08', 480, 'N'),
(3, '2021-01-09', 480, 'N'),
(3, '2021-01-10', 480, 'N'),
(3, '2021-01-11', 480, 'N'),
(3, '2021-01-12', 480, 'N'),
(3, '2021-01-13', 480, 'N'),
(3, '2021-01-14', 480, 'N'),
(3, '2021-01-15', 480, 'N'),
(3, '2021-01-16', 480, 'N'),
(3, '2021-01-17', 480, 'N'),
(3, '2021-01-18', 480, 'N'),
(3, '2021-01-19', 480, 'N'),
(3, '2021-01-20', 480, 'N'),
(3, '2021-01-21', 480, 'N'),
(3, '2021-01-22', 480, 'N'),
(3, '2021-01-23', 480, 'N'),
(3, '2021-01-24', 480, 'N'),
(3, '2021-01-25', 480, 'N'),
(3, '2021-01-26', 480, 'N'),
(3, '2021-01-27', 480, 'N'),
(3, '2021-01-28', 480, 'N'),
(3, '2021-01-29', 480, 'N'),
(3, '2021-01-30', 480, 'N'),
(3, '2021-01-31', 480, 'N'),
(3, '2021-02-01', 480, 'N'),
(3, '2021-02-02', 480, 'N'),
(3, '2021-02-03', 480, 'N'),
(3, '2021-02-04', 480, 'N'),
(3, '2021-02-05', 480, 'N'),
(3, '2021-02-06', 480, 'N'),
(3, '2021-02-07', 480, 'N'),
(3, '2021-02-08', 480, 'N'),
(3, '2021-02-09', 480, 'N'),
(3, '2021-02-10', 480, 'N'),
(3, '2021-02-11', 480, 'N'),
(3, '2021-02-12', 480, 'N'),
(3, '2021-02-13', 480, 'N'),
(3, '2021-02-14', 480, 'N'),
(3, '2021-02-15', 480, 'N'),
(3, '2021-02-16', 480, 'N'),
(3, '2021-02-17', 480, 'N'),
(3, '2021-02-18', 480, 'N'),
(3, '2021-02-19', 480, 'N'),
(3, '2021-02-20', 480, 'N'),
(3, '2021-02-21', 480, 'N'),
(3, '2021-02-22', 480, 'N'),
(3, '2021-02-23', 480, 'N'),
(3, '2021-02-24', 480, 'N'),
(3, '2021-02-25', 480, 'N'),
(3, '2021-02-26', 480, 'N'),
(3, '2021-02-27', 480, 'N'),
(3, '2021-02-28', 480, 'N'),
(3, '2021-03-01', 480, 'N'),
(3, '2021-03-02', 480, 'N'),
(3, '2021-03-03', 480, 'N'),
(3, '2021-03-04', 480, 'N'),
(3, '2021-03-05', 480, 'N'),
(3, '2021-03-06', 0, 'Ü'),
(3, '2021-03-07', 0, 'Ü'),
(3, '2021-03-08', 480, 'N'),
(3, '2021-03-09', 480, 'N'),
(3, '2021-03-10', 480, 'N'),
(3, '2021-03-11', 480, 'N'),
(3, '2021-03-12', 480, 'N'),
(3, '2021-03-13', 0, 'Ü'),
(3, '2021-03-14', 0, 'Ü'),
(3, '2021-03-15', 0, 'Ü'),
(3, '2021-03-16', 480, 'N'),
(3, '2021-03-17', 480, 'N'),
(3, '2021-03-18', 480, 'N'),
(3, '2021-03-19', 480, 'N'),
(3, '2021-03-20', 0, 'Ü'),
(3, '2021-03-21', 0, 'Ü'),
(3, '2021-03-22', 480, 'N'),
(3, '2021-03-23', 480, 'N'),
(3, '2021-03-24', 480, 'N'),
(3, '2021-03-25', 480, 'N'),
(3, '2021-03-26', 480, 'N'),
(3, '2021-03-27', 0, 'Ü'),
(3, '2021-03-28', 0, 'Ü'),
(3, '2021-03-29', 480, 'N'),
(3, '2021-03-30', 480, 'N'),
(3, '2021-03-31', 480, 'N'),
(3, '2021-06-01', 480, 'N'),
(3, '2021-06-02', 480, 'N'),
(3, '2021-06-03', 480, 'N'),
(3, '2021-06-04', 480, 'N'),
(3, '2021-06-05', 0, 'Ü'),
(3, '2021-06-06', 0, 'Ü'),
(3, '2021-06-07', 480, 'N'),
(3, '2021-06-08', 480, 'N'),
(3, '2021-06-09', 480, 'N'),
(3, '2021-06-10', 480, 'N'),
(3, '2021-06-11', 480, 'N'),
(3, '2021-06-12', 0, 'Ü'),
(3, '2021-06-13', 0, 'Ü'),
(3, '2021-06-14', 480, 'N'),
(3, '2021-06-15', 480, 'N'),
(3, '2021-06-16', 480, 'N'),
(3, '2021-06-17', 480, 'N'),
(3, '2021-06-18', 480, 'N'),
(3, '2021-06-19', 0, 'Ü'),
(3, '2021-06-20', 0, 'Ü'),
(3, '2021-06-21', 480, 'N'),
(3, '2021-06-22', 480, 'N'),
(3, '2021-06-23', 480, 'N'),
(3, '2021-06-24', 480, 'N'),
(3, '2021-06-25', 480, 'N'),
(3, '2021-06-26', 0, 'Ü'),
(3, '2021-06-27', 0, 'Ü'),
(3, '2021-06-28', 480, 'N'),
(3, '2021-06-29', 480, 'N'),
(3, '2021-06-30', 480, 'N'),
(3, '2021-07-01', 480, 'N'),
(3, '2021-07-02', 480, 'N'),
(3, '2021-07-03', 0, 'Ü'),
(3, '2021-07-04', 480, 'N'),
(3, '2021-07-05', 480, 'N'),
(3, '2021-07-06', 480, 'N'),
(3, '2021-07-07', 480, 'N'),
(3, '2021-07-08', 480, 'N'),
(3, '2021-07-09', 480, 'N'),
(3, '2021-07-10', 0, 'Ü'),
(3, '2021-07-11', 0, 'Ü'),
(3, '2021-07-12', 480, 'N'),
(3, '2021-07-13', 480, 'N'),
(3, '2021-07-14', 480, 'N'),
(3, '2021-07-15', 480, 'N'),
(3, '2021-07-16', 480, 'N'),
(3, '2021-07-17', 0, 'Ü'),
(3, '2021-07-18', 0, 'Ü'),
(3, '2021-07-19', 480, 'N'),
(3, '2021-07-20', 480, 'N'),
(3, '2021-07-21', 480, 'N'),
(3, '2021-07-22', 480, 'N'),
(3, '2021-07-23', 480, 'N'),
(3, '2021-07-24', 0, 'Ü'),
(3, '2021-07-25', 0, 'Ü'),
(3, '2021-07-26', 480, 'N'),
(3, '2021-07-27', 480, 'N'),
(3, '2021-07-28', 480, 'N'),
(3, '2021-07-29', 480, 'N'),
(3, '2021-07-30', 480, 'N'),
(3, '2021-07-31', 0, 'Ü');

-- --------------------------------------------------------

--
-- Tábla szerkezet ehhez a táblához `kategoriak`
--

CREATE TABLE `kategoriak` (
  `kod` varchar(3) COLLATE utf8_hungarian_ci NOT NULL,
  `leiras` varchar(30) COLLATE utf8_hungarian_ci NOT NULL
) ENGINE=InnoDB DEFAULT CHARSET=utf8 COLLATE=utf8_hungarian_ci;

--
-- A tábla adatainak kiíratása `kategoriak`
--

INSERT INTO `kategoriak` (`kod`, `leiras`) VALUES
('Á', 'Átrendelt'),
('B', 'Beteg'),
('E', 'Egyéb'),
('N', 'normál munkaidő'),
('SZ', 'szabadság'),
('SZG', 'Szolgálat'),
('SZi', 'Szabadidő'),
('Ü', 'ünnepnap');

-- --------------------------------------------------------

--
-- Tábla szerkezet ehhez a táblához `szabadsag`
--

CREATE TABLE `szabadsag` (
  `id` int(11) NOT NULL,
  `sz_azon` int(11) NOT NULL,
  `ev` int(4) NOT NULL,
  `nap` int(3) NOT NULL,
  `hadrendi` int(11) NOT NULL
) ENGINE=InnoDB DEFAULT CHARSET=utf8 COLLATE=utf8_hungarian_ci;

--
-- A tábla adatainak kiíratása `szabadsag`
--

INSERT INTO `szabadsag` (`id`, `sz_azon`, `ev`, `nap`, `hadrendi`) VALUES
(1, 1, 2020, 22, 115),
(2, 1, 2021, 22, 111),
(3, 2, 2020, 26, 223),
(4, 2, 2021, 25, 222),
(5, 3, 2020, 31, 334),
(784, 1, 20023, 22, 111),
(785, 2, 20023, 22, 2),
(786, 3, 20023, 22, 3);

-- --------------------------------------------------------

--
-- Tábla szerkezet ehhez a táblához `szemelyek`
--

CREATE TABLE `szemelyek` (
  `azonosito` int(11) NOT NULL,
  `nev` varchar(60) COLLATE utf8_hungarian_ci NOT NULL,
  `beosztas` varchar(30) COLLATE utf8_hungarian_ci NOT NULL,
  `kezd_datum` date NOT NULL,
  `jog` varchar(10) COLLATE utf8_hungarian_ci NOT NULL,
  `jelszo` varchar(256) COLLATE utf8_hungarian_ci NOT NULL
) ENGINE=InnoDB DEFAULT CHARSET=utf8 COLLATE=utf8_hungarian_ci;

--
-- A tábla adatainak kiíratása `szemelyek`
--

INSERT INTO `szemelyek` (`azonosito`, `nev`, `beosztas`, `kezd_datum`, `jog`, `jelszo`) VALUES
(1, 'Norbert', 'informatikus', '2020-02-10', 'felhasznál', '1'),
(2, 'Ági', 'igazgató', '2021-01-03', 'admin', 'admin'),
(3, 'Gyula', 'Takarító', '2020-02-10', 'user', 'user1');

-- --------------------------------------------------------

--
-- Tábla szerkezet ehhez a táblához `unnepek`
--

CREATE TABLE `unnepek` (
  `datum` date NOT NULL
) ENGINE=InnoDB DEFAULT CHARSET=utf8 COLLATE=utf8_hungarian_ci;

--
-- A tábla adatainak kiíratása `unnepek`
--

INSERT INTO `unnepek` (`datum`) VALUES
('2021-04-04'),
('2021-06-05'),
('2021-06-06'),
('2021-06-12'),
('2021-06-13'),
('2021-06-19'),
('2021-06-20'),
('2021-06-26'),
('2021-06-27'),
('2021-07-03'),
('2021-07-10'),
('2021-07-11'),
('2021-07-17'),
('2021-07-18'),
('2021-07-24'),
('2021-07-25'),
('2021-07-31');

--
-- Indexek a kiírt táblákhoz
--

--
-- A tábla indexei `jelenlet`
--
ALTER TABLE `jelenlet`
  ADD PRIMARY KEY (`sz_azon`,`datum`),
  ADD KEY `kateg_kod` (`kateg_kod`);

--
-- A tábla indexei `kategoriak`
--
ALTER TABLE `kategoriak`
  ADD PRIMARY KEY (`kod`);

--
-- A tábla indexei `szabadsag`
--
ALTER TABLE `szabadsag`
  ADD PRIMARY KEY (`id`),
  ADD UNIQUE KEY `sz_azon` (`sz_azon`,`ev`) USING BTREE;

--
-- A tábla indexei `szemelyek`
--
ALTER TABLE `szemelyek`
  ADD PRIMARY KEY (`azonosito`);

--
-- A tábla indexei `unnepek`
--
ALTER TABLE `unnepek`
  ADD PRIMARY KEY (`datum`);

--
-- A kiírt táblák AUTO_INCREMENT értéke
--

--
-- AUTO_INCREMENT a táblához `szabadsag`
--
ALTER TABLE `szabadsag`
  MODIFY `id` int(11) NOT NULL AUTO_INCREMENT, AUTO_INCREMENT=787;

--
-- AUTO_INCREMENT a táblához `szemelyek`
--
ALTER TABLE `szemelyek`
  MODIFY `azonosito` int(11) NOT NULL AUTO_INCREMENT, AUTO_INCREMENT=6;

--
-- Megkötések a kiírt táblákhoz
--

--
-- Megkötések a táblához `jelenlet`
--
ALTER TABLE `jelenlet`
  ADD CONSTRAINT `jelenlet_ibfk_1` FOREIGN KEY (`kateg_kod`) REFERENCES `kategoriak` (`kod`),
  ADD CONSTRAINT `jelenlet_ibfk_2` FOREIGN KEY (`sz_azon`) REFERENCES `szemelyek` (`azonosito`);

--
-- Megkötések a táblához `szabadsag`
--
ALTER TABLE `szabadsag`
  ADD CONSTRAINT `szabadsag_ibfk_1` FOREIGN KEY (`sz_azon`) REFERENCES `szemelyek` (`azonosito`);
COMMIT;

/*!40101 SET CHARACTER_SET_CLIENT=@OLD_CHARACTER_SET_CLIENT */;
/*!40101 SET CHARACTER_SET_RESULTS=@OLD_CHARACTER_SET_RESULTS */;
/*!40101 SET COLLATION_CONNECTION=@OLD_COLLATION_CONNECTION */;
